{"ProjectBreakpointSettingValue":"{\"Value\":{\"Framework/InitAllApplications.xaml\":[],\"Framework/GetAppCredentials.xaml\":[],\"System1/Login.xaml\":[],\"System1/NavigateToVendor.xaml\":[],\"Framework/SetTransactionStatus.xaml\":[],\"Framework/GetTransactionData.xaml\":[],\"Process.xaml\":[],\"System1/Logout.xaml\":[],\"ACME/Login.xaml\":[],\"ACME/ExtractVendors.xaml\":[],\"ExtractVendorInformation.xaml\":[],\"ACME/NavigateToVendor.xaml\":[],\"CreateYearlyReport.xaml\":[],\"Framework/CloseAllApplications.xaml\":[],\"ACME/Logout.xaml\":[],\"Main.xaml\":[],\"Framework/InitAllSettings.xaml\":[],\"Framework/KillAllProcesses.xaml\":[],\"NavigateToDashboard.xaml\":[],\"ACME/NavigateToDashboard.xaml\":[]}}"}