{"ProjectBreakpointSettingValue":"{\"Value\":{\"System1/Login.xaml\":[],\"Framework/KillAllProcesses.xaml\":[],\"Framework/InitAllSettings.xaml\":[],\"Framework/CloseAllApplications.xaml\":[],\"Framework/InitAllApplications.xaml\":[],\"Framework/GetTransactionData.xaml\":[],\"System1/ExtractVendorInformation.xaml\":[],\"System1/NavigateToWorkItem.xaml\":[],\"System1/NavigateToDashboard.xaml\":[],\"System1/NavigateToWorkItemDetails.xaml\":[],\"System1/NavigateToDownloadMonthlyReport.xaml\":[],\"System1/NavigateToUploadYearlyReport.xaml\":[],\"Click_Popup.xaml\":[],\"System1/CreateYearlyReport.xaml\":[],\"System1/UploadYearlyReport.xaml\":[],\"System1/UpdateWorkItem.xaml\":[],\"Process.xaml\":[],\"System1/Logout.xaml\":[],\"Main.xaml\":[]}}"}