{"ProjectBreakpointSettingValue":"{\"Value\":{\"Main.xaml\":[],\"Framework/GetAppCredentials.xaml\":[],\"Framework/SendExceptionMail.xaml\":[],\"System1/Logout.xaml\":[],\"System1/Login.xaml\":[],\"Close.xaml\":[],\"Open.xaml\":[],\"SHA1_Online/Open.xaml\":[],\"SHA1_Online/Close.xaml\":[],\"SHA1_Online/GetHashCode.xaml\":[],\"System1/NavigateToWorkItem.xaml\":[],\"System1/ExtractWorkItem.xaml\":[],\"Framework/InitAllApplications.xaml\":[],\"Framework/InitAllSettings.xaml\":[],\"Framework/GetTransactionData.xaml\":[],\"System1/NavigateToWorkItemDetails.xaml\":[],\"System1/UpdateWorkItem.xaml\":[],\"System1/ExtractClientInformation.xaml\":[],\"Framework/CloseAllApplications.xaml\":[]}}"}